,,,,,Marketwise Price & Arrival Report (19-06-2026),,,,
,,,,Price (Rs./Quintal)  ,,,Arrival (Metric Tonnes)  ,,
Commodity Group,Commodity,Variety,MSP (Rs./Quintal) 2026-27,"Price on 19 Jun, 2026","Price on 18 Jun, 2026","Price on 17 Jun, 2026","Arrival on 19 Jun, 2026","Arrival on 18 Jun, 2026","Arrival on 17 Jun, 2026"
Cereals,Bajra(Pearl Millet/Cumbu),Bold,2775.00,1941.16,1947.96,1948.53,16.40,11.05,18.75
Cereals,Bajra(Pearl Millet/Cumbu),Deshi,2775.00,2379.29,2663.28,2643.03,43.23,214.40,219.12
Cereals,Bajra(Pearl Millet/Cumbu),Hybrid,2775.00,2336.54,2301.55,2422.40,192.80,168.90,173.20
Cereals,Bajra(Pearl Millet/Cumbu),Local,2775.00,2290.88,2226.84,2265.03,31.80,57.60,51.30
Cereals,Bajra(Pearl Millet/Cumbu),MH-179,2775.00,2290.00,2290.00,2290.00,11.00,13.00,12.00
Cereals,Bajra(Pearl Millet/Cumbu),Millet,2775.00,1987.71,1975.50,1976.92,10.51,7.23,19.48
Cereals,Bajra(Pearl Millet/Cumbu),Other,2775.00,2231.28,2223.37,2201.68,295.69,456.81,471.48
Cereals,Barley(Jau),Barley,2150.00,1972.01,2229.19,2219.43,152.00,122.03,2.10
Cereals,Barley(Jau),Barley-Organic,2150.00,2400.00,2415.00,-,2.60,4.50,-
Cereals,Barley(Jau),Dara,2150.00,2305.14,2296.67,2033.23,3.50,4.80,12.40
Cereals,Barley(Jau),Hybrid,2150.00,-,-,2535.00,-,-,0.90
Cereals,Barley(Jau),Local,2150.00,2200.00,1972.00,-,7.00,0.10,-
Cereals,Barley(Jau),Other,2150.00,2162.38,2206.46,2210.09,63.80,41.98,71.63
Cereals,Jowar(Sorghum),Jowar ( White),3699.00,3832.67,3170.74,2915.74,134.22,107.75,164.20
Cereals,Jowar(Sorghum),Jowar (Yellow),3699.00,4651.83,5036.92,6522.69,0.60,1.30,0.39
Cereals,Jowar(Sorghum),Jowar Hybrid,3699.00,-,2756.71,2764.33,-,0.70,0.60
Cereals,Jowar(Sorghum),Local,3699.00,3787.27,3646.25,4320.00,15.13,8.25,9.60
Cereals,Jowar(Sorghum),Other,3699.00,4097.99,3913.58,3748.39,748.05,783.67,814.98
Cereals,Jowar(Sorghum),Red,3699.00,2649.35,2694.24,2791.12,21.40,28.70,33.80
Cereals,Jowar(Sorghum),White,3699.00,-,-,2100.00,-,-,3.20
Cereals,Jowar(Sorghum),Yellow,3699.00,4814.49,2202.00,2875.00,12.90,0.80,0.30
Cereals,Maize,Deshi Red,2400.00,1891.81,1953.35,1900.76,754.20,413.90,332.95
Cereals,Maize,Deshi White,2400.00,1925.00,1925.00,1925.00,1.30,1.20,2.80
Cereals,Maize,Hybrid,2400.00,1513.30,1557.11,1678.12,2521.30,1551.10,2910.80
Cereals,Maize,Hybrid Red (Cattle Feed),2400.00,2215.00,2175.00,2150.00,7.50,5.20,8.70
Cereals,Maize,Hybrid Yellow (Cattle Feed),2400.00,-,-,1965.00,-,-,577.80
Cereals,Maize,Hybrid/Local,2400.00,1901.07,1887.68,1882.74,2485.80,1807.80,4728.50
Cereals,Maize,Local,2400.00,1806.35,1756.49,1632.66,3756.28,4383.43,7584.53
Cereals,Maize,Other,2400.00,1890.25,1714.80,1755.89,3030.48,2342.23,3637.03
Cereals,Maize,Popcorn,2400.00,2001.00,3759.67,-,2.22,36.83,-
Cereals,Maize,Sweet Corn (For Biscuits),2400.00,-,-,2500.00,-,-,3.00
Cereals,Maize,White (SAFED),2400.00,2153.10,2201.72,2107.70,80.70,78.50,68.20
Cereals,Maize,Yellow,2400.00,1683.07,1777.72,1874.64,3034.09,3818.18,5781.50
Cereals,Paddy(Common),1001,2369.00,1736.78,1815.86,1783.38,1049.02,632.80,798.50
Cereals,Paddy(Common),ADT 37,2369.00,1909.71,2121.12,2029.27,85.76,126.74,104.73
Cereals,Paddy(Common),ADT 39,2369.00,2121.33,2054.67,-,1.65,2.63,-
Cereals,Paddy(Common),AST 19,2369.00,2058.67,-,-,2.25,-,-
Cereals,Paddy(Common),B P T,2369.00,2804.53,2190.05,2358.00,50.38,77.14,88.16
Cereals,Paddy(Common),Basmati,2369.00,-,2810.00,-,-,5.60,-
Cereals,Paddy(Common),Basmati 1509,2369.00,-,-,1550.00,-,-,24.00
Cereals,Paddy(Common),Co. 43,2369.00,1998.67,-,-,3.23,-,-
Cereals,Paddy(Common),Common,2369.00,2065.74,2276.83,2307.49,328.59,313.86,260.54
Cereals,Paddy(Common),D.B.,2369.00,1819.24,1856.89,1809.10,161.40,554.20,107.50
Cereals,Paddy(Common),Dhan,2369.00,1972.08,1868.81,2015.41,145.28,45.91,116.07
Cereals,Paddy(Common),HMT,2369.00,2389.00,2410.35,2273.66,25.00,56.10,12.30
Cereals,Paddy(Common),Hansa,2369.00,1452.89,1801.00,-,11.10,0.60,-
Cereals,Paddy(Common),Hassan Dappa,2369.00,2100.00,-,2100.00,18.00,-,18.00
Cereals,Paddy(Common),I.R. 36,2369.00,1881.74,1779.96,1845.80,684.60,966.90,842.60
Cereals,Paddy(Common),I.R. 64,2369.00,1928.78,1895.18,1840.24,1472.50,1869.50,2333.70
Cereals,Paddy(Common),I.R.-64,2369.00,1889.23,1718.25,1893.82,330.20,1179.50,27.70
Cereals,Paddy(Common),Jaya,2369.00,2200.00,2399.00,2200.00,310.10,474.10,264.90
Cereals,Paddy(Common),Kaalimoonch,2369.00,2860.00,3400.00,-,5.28,17.42,-
Cereals,Paddy(Common),Khadwan,2369.00,-,1800.00,1800.00,-,12.00,492.70
Cereals,Paddy(Common),MTU-1001,2369.00,-,2080.63,1698.58,-,165.10,97.70
Cereals,Paddy(Common),MTU-1008,2369.00,1921.00,1940.00,1906.00,287.90,207.90,257.20
Cereals,Paddy(Common),MTU-1010,2369.00,1763.40,1752.04,1765.33,933.80,1841.90,1962.00
Cereals,Paddy(Common),MTU-1156,2369.00,-,1575.00,-,-,4.20,-
Cereals,Paddy(Common),Mahamaya,2369.00,1941.68,1993.04,1916.04,257.60,463.00,1301.10
Cereals,Paddy(Common),Om 3,2369.00,-,-,2325.00,-,-,14.90
Cereals,Paddy(Common),Other,2369.00,2339.95,2337.64,2409.21,732.23,931.88,807.85
Cereals,Paddy(Common),Paddy,2369.00,2475.86,2312.37,2293.88,2416.03,2265.59,2735.90
Cereals,Paddy(Common),Paddy Coarse,2369.00,1974.79,1991.56,1934.56,773.30,753.40,909.30
Cereals,Paddy(Common),Paddy Dappa,2369.00,2800.00,2500.00,2800.00,45.30,66.00,25.90
Cereals,Paddy(Common),Paddy Jyoti,2369.00,-,2450.00,-,-,29.10,-
Cereals,Paddy(Common),Paddy Malnad gidda,2369.00,2900.00,-,-,20.10,-,-
Cereals,Paddy(Common),Paddy Medium,2369.00,2760.55,2749.01,2634.84,2385.30,1989.20,2694.10
Cereals,Paddy(Common),Paddy fine,2369.00,1851.08,1862.73,1803.23,854.50,885.70,1263.30
Cereals,Paddy(Common),Ponni,2369.00,2400.00,2400.00,-,51.30,7.88,-
Cereals,Paddy(Common),RB Gold,2369.00,2286.00,2210.65,2222.63,56.50,44.50,133.20
Cereals,Paddy(Common),Red,2369.00,-,-,1765.00,-,-,21.20
Cereals,Paddy(Common),Samba Masuri,2369.00,2399.83,2318.59,2347.41,199.20,271.30,162.00
Cereals,Paddy(Common),Shriram,2369.00,-,2223.00,-,-,0.60,-
Cereals,Paddy(Common),Sona,2369.00,2450.00,2450.00,2743.79,40.00,110.00,156.49
Cereals,Paddy(Common),Sona Mahsuri,2369.00,2747.64,2236.00,2643.00,26.56,2.60,5.88
Cereals,Paddy(Common),Sona Masuri (OLD),2369.00,2873.82,3135.14,3254.41,1044.70,453.30,1381.40
Cereals,Paddy(Common),Sugandha,2369.00,1900.00,-,1800.00,3.40,-,1.30
Cereals,Paddy(Common),Swarna Masuri (New),2369.00,2246.65,-,-,2.30,-,-
Cereals,Ragi(Finger Millet),Feeds (Poultry Quality),4886.00,-,3451.00,3376.00,-,0.40,0.20
Cereals,Ragi(Finger Millet),Fine,4886.00,-,-,3074.79,-,-,36.10
Cereals,Ragi(Finger Millet),Local,4886.00,3475.48,3469.32,3268.60,62.70,117.30,157.00
Cereals,Ragi(Finger Millet),Other,4886.00,3754.12,3258.63,3430.83,12.18,3.73,16.41
Cereals,Wheat,147 Average,2585.00,2609.65,2636.95,2564.45,172.90,124.80,116.60
Cereals,Wheat,147 Best,2585.00,-,2600.00,-,-,10.00,-
Cereals,Wheat,Bansi,2585.00,2325.04,2148.36,2173.37,15.00,43.90,31.90
Cereals,Wheat,Dara,2585.00,2327.19,2440.71,2421.88,473.70,446.20,487.40
Cereals,Wheat,Deshi,2585.00,2373.63,2201.90,2678.21,48.00,7.30,106.18
Cereals,Wheat,Farmi,2585.00,-,2360.00,-,-,3.20,-
Cereals,Wheat,Jawari,2585.00,3363.46,-,1829.00,50.50,-,0.60
Cereals,Wheat,Kalyan,2585.00,2300.00,2363.41,2320.64,1.10,51.30,5.50
Cereals,Wheat,Local,2585.00,2281.90,2411.38,2349.45,576.36,1368.12,175.30
Cereals,Wheat,Lok-1,2585.00,2300.00,2300.00,2452.76,3.20,1.90,159.30
Cereals,Wheat,Lokwan,2585.00,2432.94,2424.25,2296.67,124.54,136.99,19.34
Cereals,Wheat,Lokwan Gujrat,2585.00,2120.00,2150.00,2146.15,6.00,5.00,8.70
Cereals,Wheat,Maharashtra 2189,2585.00,2281.09,2278.30,2259.59,118.20,201.20,353.10
Cereals,Wheat,Malwa Shakti,2585.00,2442.00,2393.81,-,1.69,21.68,-
Cereals,Wheat,Medium,2585.00,2300.00,2748.00,2246.10,29.50,24.00,41.00
Cereals,Wheat,Mexican,2585.00,2250.00,-,-,1.00,-,-
Cereals,Wheat,Milbar,2585.00,2315.00,2339.17,-,4.00,13.80,-
Cereals,Wheat,Mill Quality,2585.00,2329.65,2342.67,2343.21,3790.82,4049.47,1416.70
Cereals,Wheat,Mohan Mondal,2585.00,2300.00,-,2310.00,6.00,-,7.00
Cereals,Wheat,Other,2585.00,2397.68,2398.31,2407.73,3665.45,4662.38,5590.16
Cereals,Wheat,PISSI,2585.00,1824.35,2175.00,2138.00,11.50,19.60,17.20
Cereals,Wheat,Sharbati,2585.00,2382.96,2546.63,2373.80,49.82,31.27,71.69
Cereals,Wheat,Sona,2585.00,2402.09,2486.08,2355.95,71.80,29.80,35.50
Cereals,Wheat,Sonalika,2585.00,2606.51,2555.90,2607.82,28.64,39.12,26.21
Cereals,Wheat,Wheat,2585.00,2350.02,2378.40,2383.96,5813.28,7335.91,2229.31
Cereals,Wheat,Wheat Mix,2585.00,2485.00,2475.00,-,15.46,3.93,-
Cereals,Wheat,White,2585.00,2453.00,-,-,5.60,-,-
Fibre Crops,Cotton,American,7710.00,8050.00,5570.00,6512.00,16.60,8.40,11.80
Fibre Crops,Cotton,Bramha,7710.00,-,8679.00,8570.00,-,11.40,6.20
Fibre Crops,Cotton,Bunny,7710.00,-,6900.00,6900.00,-,0.10,0.10
Fibre Crops,Cotton,Cotton (Unginned),7710.00,7000.00,7000.00,-,154.00,201.00,-
Fibre Crops,Cotton,DCH-32(Unginned),7710.00,-,9000.00,-,-,1.70,-
Fibre Crops,Cotton,LRA,7710.00,8630.33,8580.10,8444.76,14.73,17.25,17.51
Fibre Crops,Cotton,Local,7710.00,7302.00,7177.00,14078.00,1.50,6.00,2.00
Fibre Crops,Cotton,Narma BT Cotton,7710.00,-,-,8000.00,-,-,2.00
Fibre Crops,Cotton,Other,7710.00,8343.90,8314.18,8229.50,21.30,39.50,33.90
Fibre Crops,Cotton,Without Ginned Cotton,7710.00,-,9000.00,-,-,1.70,-
Fibre Crops,Jute,Other,5650.00,15100.00,15100.00,15100.00,39.00,34.00,41.00
Fibre Crops,Jute,TD-5,5650.00,11300.00,12785.65,11300.00,2.90,20.90,6.40
Oil Seeds,Copra,Ball,12100.00,31500.00,-,-,1.10,-,-
Oil Seeds,Copra,Copra,12100.00,26462.33,29952.34,20280.00,14.60,211.64,7.50
Oil Seeds,Copra,Milling Copra,12100.00,20843.75,-,16000.00,8.00,-,8.00
Oil Seeds,Copra,Other,12100.00,15128.78,14793.96,15729.91,51.60,18.20,95.30
Oil Seeds,Copra,Small,12100.00,23400.00,24000.00,22800.00,14.00,12.00,21.00
Oil Seeds,Groundnut,Balli/Habbu,7263.00,5525.00,5250.00,5310.00,0.10,0.10,0.30
Oil Seeds,Groundnut,Big (With Shell),7263.00,6544.56,6877.37,6371.76,187.53,49.25,81.53
Oil Seeds,Groundnut,Bold,7263.00,6239.13,7192.39,6598.19,9.20,11.50,9.10
Oil Seeds,Groundnut,Bold Kernel,7263.00,-,6997.99,6619.00,-,22.80,11.50
Oil Seeds,Groundnut,G20,7263.00,6447.65,6500.87,6500.00,27.46,28.70,30.00
Oil Seeds,Groundnut,Gejje,7263.00,6991.13,6775.42,7186.26,45.50,26.50,89.60
Oil Seeds,Groundnut,Groundnut seed,7263.00,-,8000.00,7291.13,-,0.66,85.59
Oil Seeds,Groundnut,Hybrid,7263.00,6053.90,-,7052.00,6.10,-,3.40
Oil Seeds,Groundnut,JL-24,7263.00,8600.00,8200.00,8100.00,12.10,30.00,37.60
Oil Seeds,Groundnut,Local,7263.00,6898.18,6862.47,6546.56,51.61,183.52,23.35
Oil Seeds,Groundnut,M-37,7263.00,-,6500.00,-,-,0.60,-
Oil Seeds,Groundnut,Natte,7263.00,6594.00,-,6948.00,1.60,-,1.80
Oil Seeds,Groundnut,Other,7263.00,7519.50,7309.03,7369.92,395.85,489.99,401.02
Oil Seeds,Groundnut,Seed,7263.00,8200.00,8100.00,8350.00,3.30,5.30,3.20
Oil Seeds,Mustard,Big 100 Kg,6200.00,7228.57,7267.33,7277.96,3.50,73.30,24.50
Oil Seeds,Mustard,Lohi Black,6200.00,6450.00,6440.00,-,6.00,3.00,-
Oil Seeds,Mustard,Mustard,6200.00,7127.27,7238.78,7407.21,1872.73,2287.60,2704.99
Oil Seeds,Mustard,Other,6200.00,7245.25,7279.05,7372.39,1605.15,2814.87,3056.00
Oil Seeds,Mustard,Rai UP,6200.00,8425.00,8425.00,8375.00,7.20,7.30,6.80
Oil Seeds,Mustard,Sarson(Black),6200.00,6736.82,7006.91,6980.00,104.80,115.20,72.92
Oil Seeds,Mustard,Yellow (Black),6200.00,6650.00,6716.52,6600.00,4.70,11.50,11.50
Oil Seeds,Safflower,Other,6540.00,5152.72,5061.95,5132.23,23.20,9.90,16.60
Oil Seeds,Safflower,Safflower,6540.00,5175.00,5577.00,4647.41,0.35,1.50,2.05
Oil Seeds,"Sesamum(Sesame,Gingelly,Til)",Black,9846.00,14439.84,13492.66,13073.10,52.94,58.69,66.59
Oil Seeds,"Sesamum(Sesame,Gingelly,Til)",Gajjar,9846.00,9300.00,9300.00,9200.00,0.30,2.30,0.60
Oil Seeds,"Sesamum(Sesame,Gingelly,Til)",Other,9846.00,9909.60,10542.12,10835.88,91.47,108.32,137.26
Oil Seeds,"Sesamum(Sesame,Gingelly,Til)",Sesame,9846.00,10425.43,10688.73,9905.00,92.35,73.34,3.19
Oil Seeds,"Sesamum(Sesame,Gingelly,Til)",White,9846.00,10749.06,10873.09,10801.19,473.67,298.99,361.18
Oil Seeds,Soyabean,Local,5328.00,8954.55,6650.88,9416.67,0.11,286.09,0.12
Oil Seeds,Soyabean,Other,5328.00,6679.65,6618.16,6485.37,855.43,1016.15,1292.00
Oil Seeds,Soyabean,Soyabeen,5328.00,6497.13,6520.16,6437.66,1095.05,1396.21,514.67
Oil Seeds,Soyabean,Yellow,5328.00,5995.97,6217.43,5985.02,321.96,365.13,148.25
Oil Seeds,Sunflower/Sunflower Seed,Hybrid,7721.00,-,-,6870.00,-,-,0.30
Oil Seeds,Sunflower/Sunflower Seed,Local,7721.00,7006.91,7000.00,7721.00,7.90,5.00,288.40
Oil Seeds,Sunflower/Sunflower Seed,Other,7721.00,6500.00,6200.00,6250.00,0.20,3.00,3.40
Oil Seeds,Sunflower/Sunflower Seed,Sunflower,7721.00,7709.60,7705.86,7707.84,356.10,164.00,158.90
Others,Sugarcane,Sugarcane,285.00,-,-,300.00,-,-,3.00
Pulses,Bengal Gram(Gram)(Whole),999,5875.00,5194.11,5226.34,5349.51,38.00,68.50,28.70
Pulses,Bengal Gram(Gram)(Whole),Average (Whole),5875.00,5708.41,5518.33,5472.23,551.35,531.75,476.75
Pulses,Bengal Gram(Gram)(Whole),Chana Kabuli,5875.00,5551.00,6900.00,-,0.50,0.36,-
Pulses,Bengal Gram(Gram)(Whole),Chana Kanta,5875.00,5250.00,5295.00,-,6.00,3.70,-
Pulses,Bengal Gram(Gram)(Whole),Desi (F.A.Q. Split),5875.00,5246.46,5380.90,5440.00,125.12,86.06,1.94
Pulses,Bengal Gram(Gram)(Whole),Desi (Whole),5875.00,5410.99,5497.04,5579.25,74.00,97.92,63.00
Pulses,Bengal Gram(Gram)(Whole),Gram,5875.00,5495.04,5492.79,5580.04,416.07,543.45,232.30
Pulses,Bengal Gram(Gram)(Whole),Jawari/Local,5875.00,5712.83,5864.56,5581.79,71.20,26.70,97.60
Pulses,Bengal Gram(Gram)(Whole),Kabul Small,5875.00,5385.67,5391.83,5794.25,3.00,20.20,13.80
Pulses,Bengal Gram(Gram)(Whole),Medium,5875.00,4920.00,-,5335.00,0.22,-,0.28
Pulses,Bengal Gram(Gram)(Whole),Other,5875.00,5479.77,5505.72,5455.81,1573.44,2069.67,2020.23
Pulses,Bengal Gram(Gram)(Whole),White (whole),5875.00,-,-,5605.00,-,-,2.70
Pulses,Black Gram(Urd Beans)(Whole),Black Gram (Whole),7800.00,8064.30,7601.17,8106.11,48.70,49.08,189.10
Pulses,Black Gram(Urd Beans)(Whole),Hybrid,7800.00,-,7450.00,-,-,1.00,-
Pulses,Black Gram(Urd Beans)(Whole),Local,7800.00,7696.67,6289.00,6840.50,1.50,0.20,0.40
Pulses,Black Gram(Urd Beans)(Whole),Mogan Medium,7800.00,4000.00,-,-,0.30,-,-
Pulses,Black Gram(Urd Beans)(Whole),Other,7800.00,6755.77,7124.33,6517.15,64.06,37.21,18.80
Pulses,Black Gram(Urd Beans)(Whole),Urda/Urd,7800.00,7896.47,7583.51,7813.59,520.57,537.60,452.18
Pulses,Green Gram(Moong)(Whole),Ankola,8768.00,6672.00,5653.50,6358.29,7.40,6.15,9.70
Pulses,Green Gram(Moong)(Whole),Green (Whole),8768.00,6504.72,6764.77,6679.22,1014.29,1106.15,597.50
Pulses,Green Gram(Moong)(Whole),Hybrid,8768.00,7625.00,7600.00,7650.00,4.20,1.70,2.90
Pulses,Green Gram(Moong)(Whole),Local,8768.00,7679.92,7784.85,7794.08,176.10,125.10,124.93
Pulses,Green Gram(Moong)(Whole),Local (Whole),8768.00,6200.38,-,6499.69,26.02,-,40.30
Pulses,Green Gram(Moong)(Whole),Medium,8768.00,-,6800.00,7755.00,-,1.60,0.90
Pulses,Green Gram(Moong)(Whole),Ordinary (Split),8768.00,5828.00,-,-,0.20,-,-
Pulses,Green Gram(Moong)(Whole),Other,8768.00,7126.61,7279.88,7047.28,146.20,226.59,157.29
Pulses,Lentil(Masur)(Whole),Local,7000.00,6232.48,6240.01,5500.00,27.29,35.72,1.50
Pulses,Lentil(Masur)(Whole),Masoor Gola,7000.00,-,-,6800.00,-,-,11.20
Pulses,Lentil(Masur)(Whole),Masur Dal,7000.00,6199.29,6269.83,6101.82,70.89,78.34,49.01
Pulses,Lentil(Masur)(Whole),Other,7000.00,7622.37,7183.76,7469.74,7.60,31.50,14.60
Pulses,Red gram/Arhar/Tur(whole),(Whole),8000.00,15500.00,15444.00,-,6.20,11.85,-
Pulses,Red gram/Arhar/Tur(whole),777 New Ind,8000.00,6900.00,6300.00,-,0.58,0.32,-
Pulses,Red gram/Arhar/Tur(whole),777 New Vasad Imp,8000.00,7640.00,7624.00,7649.00,93.50,133.70,118.90
Pulses,Red gram/Arhar/Tur(whole),AL-15,8000.00,9500.00,-,-,0.10,-,-
Pulses,Red gram/Arhar/Tur(whole),Arhar (Whole),8000.00,7323.49,7191.82,7298.18,447.55,327.63,355.85
Pulses,Red gram/Arhar/Tur(whole),Arhar Dal(Tur),8000.00,6708.60,7110.61,7575.33,28.24,84.26,142.15
Pulses,Red gram/Arhar/Tur(whole),Hybrid,8000.00,6480.00,7153.22,-,1.50,0.90,-
Pulses,Red gram/Arhar/Tur(whole),Local,8000.00,7521.50,7038.21,6931.31,5.70,17.30,6.77
Pulses,Red gram/Arhar/Tur(whole),Other,8000.00,7406.10,7358.27,7356.00,1959.05,1954.57,3468.90
Pulses,Red gram/Arhar/Tur(whole),Red,8000.00,7569.00,7439.00,-,14.20,35.40,-
Vegetables,Onion,1st Sort,-,1589.42,1088.00,1459.64,177.90,1226.50,197.96
Vegetables,Onion,2nd Sort,-,-,1800.01,-,-,1060.30,-
Vegetables,Onion,Bangalore-Samall,-,800.00,800.00,800.00,205.50,193.60,197.20
Vegetables,Onion,Beelary-Red,-,-,-,2100.00,-,-,8.00
Vegetables,Onion,Bellary,-,2840.40,2857.74,2889.66,100.34,95.94,95.17
Vegetables,Onion,Big,-,2799.63,2088.35,2696.07,81.10,300.61,87.51
Vegetables,Onion,Bombay (U.P.),-,-,-,1800.00,-,-,1.90
Vegetables,Onion,Chinchwad,-,1997.55,1498.32,-,367.40,370.10,-
Vegetables,Onion,Dry F.A.Q.,-,2000.00,2000.00,2000.00,0.50,0.60,1.20
Vegetables,Onion,Halva,-,-,1500.00,-,-,24.90,-
Vegetables,Onion,Local,-,1365.23,1331.58,1352.35,2277.20,1930.40,1469.50
Vegetables,Onion,Medium,-,1672.16,691.35,1457.84,206.03,193.16,15.39
Vegetables,Onion,Nasik,-,1824.99,1902.61,1861.61,151.65,153.50,131.30
Vegetables,Onion,Onion,-,1365.94,1392.60,1500.82,5332.58,6240.63,4135.72
Vegetables,Onion,Onion-Organic,-,-,725.00,425.00,-,6.02,2.03
Vegetables,Onion,Other,-,1706.70,1621.87,1621.71,5042.91,8281.14,7073.21
Vegetables,Onion,Puna,-,1475.71,1491.41,1465.11,1453.00,1422.10,1413.10
Vegetables,Onion,Pusa-Red,-,2200.00,2200.00,2200.00,74.70,8.60,595.60
Vegetables,Onion,Red,-,1486.97,1404.95,1314.93,1580.25,1732.83,1549.00
Vegetables,Onion,Small,-,7165.01,7106.95,6441.47,80.60,84.23,82.43
Vegetables,Onion,Small - I,-,-,1200.00,1000.00,-,8.00,11.00
Vegetables,Onion,Unhali,-,1610.37,1533.97,1559.36,18663.40,26624.80,24959.30
Vegetables,Onion,White,-,-,2250.00,2250.00,-,220.00,120.00
Vegetables,Potato,Badshah,-,-,851.79,-,-,28.00,-
Vegetables,Potato,Desi,-,555.46,582.32,557.81,599.51,607.65,754.95
Vegetables,Potato,Jalander,-,1576.92,1944.44,1611.11,1.30,0.90,0.90
Vegetables,Potato,Jyoti,-,1026.32,1239.71,1037.64,60.80,82.80,48.80
Vegetables,Potato,Kufri Giriraj,-,1000.00,1105.26,1000.00,3.00,3.80,4.50
Vegetables,Potato,Local,-,1059.49,920.99,983.77,2390.80,3407.92,3766.28
Vegetables,Potato,Other,-,986.18,917.04,956.96,3180.92,4222.09,3772.90
Vegetables,Potato,Potato,-,2018.70,1354.32,1859.13,3076.61,2570.70,3737.47
Vegetables,Potato,Red,-,-,1161.82,1100.00,-,44.00,30.00
Vegetables,Potato,Red Nanital,-,1025.53,1243.46,814.33,186.19,165.29,700.58
Vegetables,Tomato,Deshi,-,2735.41,2787.47,2795.08,213.73,413.78,442.80
Vegetables,Tomato,Hybrid,-,2132.89,2673.05,2927.87,126.85,39.50,18.19
Vegetables,Tomato,Local,-,2113.80,2175.81,2488.10,1704.27,1677.70,896.85
Vegetables,Tomato,Other,-,3817.26,2667.28,2664.49,2437.02,2219.32,1706.94
Vegetables,Tomato,Tomato,-,2072.25,1928.13,2189.15,6397.40,5813.76,6281.02

